-- phpMyAdmin SQL Dump
-- version 5.2.1
-- https://www.phpmyadmin.net/
--
-- Host: 127.0.0.1
-- Generation Time: Oct 07, 2025 at 09:45 AM
-- Server version: 10.4.32-MariaDB
-- PHP Version: 8.2.12

SET SQL_MODE = "NO_AUTO_VALUE_ON_ZERO";
START TRANSACTION;
SET time_zone = "+00:00";


/*!40101 SET @OLD_CHARACTER_SET_CLIENT=@@CHARACTER_SET_CLIENT */;
/*!40101 SET @OLD_CHARACTER_SET_RESULTS=@@CHARACTER_SET_RESULTS */;
/*!40101 SET @OLD_COLLATION_CONNECTION=@@COLLATION_CONNECTION */;
/*!40101 SET NAMES utf8mb4 */;

--
-- Database: `resultgrading`
--

-- --------------------------------------------------------

--
-- Table structure for table `tbladmin`
--

CREATE TABLE `tbladmin` (
  `Id` int(20) NOT NULL,
  `firstName` varchar(255) NOT NULL,
  `lastName` varchar(255) NOT NULL,
  `otherName` varchar(255) NOT NULL,
  `emailAddress` varchar(255) NOT NULL,
  `phoneNo` varchar(20) NOT NULL,
  `password` varchar(255) NOT NULL,
  `staffId` varchar(255) NOT NULL,
  `adminTypeId` int(20) NOT NULL,
  `isAssigned` int(10) NOT NULL,
  `isPasswordChanged` int(10) NOT NULL,
  `dateCreated` varchar(255) NOT NULL
) ENGINE=InnoDB DEFAULT CHARSET=utf8mb4 COLLATE=utf8mb4_general_ci;

--
-- Dumping data for table `tbladmin`
--

INSERT INTO `tbladmin` (`Id`, `firstName`, `lastName`, `otherName`, `emailAddress`, `phoneNo`, `password`, `staffId`, `adminTypeId`, `isAssigned`, `isPasswordChanged`, `dateCreated`) VALUES
(4, 'Group', 'Admin', '', 'admin@gmail.com', '0000000000', '0192023a7bbd73250516f069df18b500', 'admin', 1, 0, 0, '2025-09-06 10:15:49');

-- --------------------------------------------------------

--
-- Table structure for table `tbladmintype`
--

CREATE TABLE `tbladmintype` (
  `Id` int(20) NOT NULL,
  `adminTypeName` varchar(255) NOT NULL
) ENGINE=InnoDB DEFAULT CHARSET=utf8mb4 COLLATE=utf8mb4_general_ci;

--
-- Dumping data for table `tbladmintype`
--

INSERT INTO `tbladmintype` (`Id`, `adminTypeName`) VALUES
(1, 'Super Administrator'),
(2, 'Administrator');

-- --------------------------------------------------------

--
-- Table structure for table `tblassignedadmin`
--

CREATE TABLE `tblassignedadmin` (
  `id` int(11) NOT NULL,
  `dateAssigned` varchar(200) NOT NULL,
  `staffId` int(11) NOT NULL,
  `facultyId` int(11) NOT NULL,
  `departmentId` int(11) NOT NULL
) ENGINE=InnoDB DEFAULT CHARSET=latin1 COLLATE=latin1_swedish_ci;

--
-- Dumping data for table `tblassignedadmin`
--

INSERT INTO `tblassignedadmin` (`id`, `dateAssigned`, `staffId`, `facultyId`, `departmentId`) VALUES
(1, '2022-06-13', 0, 1, 1);

-- --------------------------------------------------------

--
-- Table structure for table `tblassignedstaff`
--

CREATE TABLE `tblassignedstaff` (
  `id` int(11) NOT NULL,
  `staffId` int(11) NOT NULL,
  `departmentId` int(11) NOT NULL,
  `courseId` int(11) NOT NULL,
  `created_at` timestamp NOT NULL DEFAULT current_timestamp()
) ENGINE=InnoDB DEFAULT CHARSET=utf8mb4 COLLATE=utf8mb4_general_ci;

-- --------------------------------------------------------

--
-- Table structure for table `tblattendance`
--

CREATE TABLE `tblattendance` (
  `id` int(11) NOT NULL,
  `studentId` int(11) NOT NULL,
  `courseId` int(11) NOT NULL,
  `DateTaken` date NOT NULL,
  `status` enum('Present','Absent','Late') NOT NULL,
  `created_at` timestamp NOT NULL DEFAULT current_timestamp()
) ENGINE=InnoDB DEFAULT CHARSET=utf8mb4 COLLATE=utf8mb4_general_ci;

-- --------------------------------------------------------

--
-- Table structure for table `tblcgparesult`
--

CREATE TABLE `tblcgparesult` (
  `Id` int(11) NOT NULL,
  `matricNo` varchar(50) NOT NULL,
  `cgpa` varchar(50) NOT NULL,
  `classOfDiploma` varchar(50) NOT NULL,
  `dateAdded` varchar(50) NOT NULL
) ENGINE=InnoDB DEFAULT CHARSET=latin1 COLLATE=latin1_swedish_ci;

--
-- Dumping data for table `tblcgparesult`
--

INSERT INTO `tblcgparesult` (`Id`, `matricNo`, `cgpa`, `classOfDiploma`, `dateAdded`) VALUES
(1, 'SGS100', '1.38', 'Fail', '2022-06-13'),
(2, '10101', '3.38', 'Upper Credit', '2022-06-15');

-- --------------------------------------------------------

--
-- Table structure for table `tblcourse`
--

CREATE TABLE `tblcourse` (
  `Id` int(11) NOT NULL,
  `courseTitle` varchar(255) NOT NULL,
  `courseCode` varchar(255) NOT NULL,
  `courseUnit` int(10) NOT NULL,
  `facultyId` varchar(255) NOT NULL,
  `departmentId` varchar(255) NOT NULL,
  `levelId` varchar(10) NOT NULL,
  `semesterId` varchar(20) NOT NULL,
  `dateAdded` varchar(50) NOT NULL
) ENGINE=InnoDB DEFAULT CHARSET=latin1 COLLATE=latin1_swedish_ci;

--
-- Dumping data for table `tblcourse`
--

INSERT INTO `tblcourse` (`Id`, `courseTitle`, `courseCode`, `courseUnit`, `facultyId`, `departmentId`, `levelId`, `semesterId`, `dateAdded`) VALUES
(1, 'Programming Intro', 'PI01', 5, '1', '1', '1', '1', '2022-06-13'),
(2, 'Networking', 'NT100', 5, '1', '1', '1', '2', '2022-06-13'),
(3, 'Law of Contract', 'LC1', 6, '3', '3', '1', '1', '2022-06-15'),
(4, 'Administrative Law', 'AL2', 6, '3', '3', '1', '2', '2022-06-15'),
(5, 'Constitutional Law', 'CL12', 6, '3', '3', '1', '1', '2022-06-15'),
(6, 'Law of Crimes', 'LC8', 5, '3', '3', '1', '2', '2022-06-15'),
(7, 'Labour and Industrial Law', 'LII8', 6, '3', '3', '1', '2', '2022-06-15'),
(8, 'Property Law', 'PLi5', 6, '3', '3', '1', '1', '2022-06-15'),
(9, 'Electrical Machines', 'EM12', 5, '4', '5', '1', '1', '2022-06-16'),
(10, 'Power Systems', 'PS77', 4, '4', '5', '1', '1', '2022-06-16'),
(11, 'Control Systems', 'CS69', 5, '4', '5', '1', '1', '2022-06-16'),
(12, 'Signals and Systems', 'SS88', 5, '4', '5', '1', '1', '2022-06-16'),
(13, 'Microprocessors', 'MCP8', 3, '4', '5', '1', '1', '2022-06-16'),
(14, 'Fundamentals of Computing', 'FC25', 5, '4', '5', '1', '2', '2022-06-16'),
(15, 'Mathematics II', 'MM895', 6, '4', '5', '1', '2', '2022-06-16'),
(16, 'Physics Laboratory', 'PL08', 3, '4', '5', '1', '2', '2022-06-16'),
(17, 'Physics II', 'P225', 5, '4', '5', '1', '2', '2022-06-16');

-- --------------------------------------------------------

--
-- Table structure for table `tbldepartment`
--

CREATE TABLE `tbldepartment` (
  `Id` int(20) NOT NULL,
  `departmentName` varchar(255) NOT NULL,
  `facultyId` int(20) NOT NULL,
  `dateCreated` varchar(255) NOT NULL
) ENGINE=InnoDB DEFAULT CHARSET=utf8mb4 COLLATE=utf8mb4_general_ci;

--
-- Dumping data for table `tbldepartment`
--

INSERT INTO `tbldepartment` (`Id`, `departmentName`, `facultyId`, `dateCreated`) VALUES
(1, 'IT Dept', 1, '2022-06-13'),
(2, 'Accounting', 2, '2022-06-15'),
(3, 'Law Science', 3, '2022-06-15'),
(4, 'Industrial Engineering', 4, '2022-06-15'),
(5, 'Electrical Engineering', 4, '2022-06-15');

-- --------------------------------------------------------

--
-- Table structure for table `tblfaculty`
--

CREATE TABLE `tblfaculty` (
  `Id` int(20) NOT NULL,
  `facultyName` varchar(255) NOT NULL,
  `dateCreated` varchar(255) NOT NULL
) ENGINE=InnoDB DEFAULT CHARSET=utf8mb4 COLLATE=utf8mb4_general_ci;

--
-- Dumping data for table `tblfaculty`
--

INSERT INTO `tblfaculty` (`Id`, `facultyName`, `dateCreated`) VALUES
(1, 'Faculty 1', '2022-06-13'),
(2, 'Faculty 2', '2022-06-15'),
(3, 'Faculty 3', '2022-06-15'),
(4, 'Faculty 4', '2022-06-15');

-- --------------------------------------------------------

--
-- Table structure for table `tblfinalresult`
--

CREATE TABLE `tblfinalresult` (
  `Id` int(10) NOT NULL,
  `matricNo` varchar(50) NOT NULL,
  `levelId` varchar(10) NOT NULL,
  `semesterId` varchar(10) NOT NULL,
  `sessionId` varchar(10) NOT NULL,
  `totalCourseUnit` varchar(10) NOT NULL,
  `totalScoreGradePoint` varchar(10) NOT NULL,
  `gpa` varchar(255) NOT NULL,
  `classOfDiploma` varchar(50) NOT NULL,
  `dateAdded` varchar(25) NOT NULL
) ENGINE=InnoDB DEFAULT CHARSET=latin1 COLLATE=latin1_swedish_ci;

--
-- Dumping data for table `tblfinalresult`
--

INSERT INTO `tblfinalresult` (`Id`, `matricNo`, `levelId`, `semesterId`, `sessionId`, `totalCourseUnit`, `totalScoreGradePoint`, `gpa`, `classOfDiploma`, `dateAdded`) VALUES
(8, 'SGS123', '1', '2', '1', '19', '62.25', '3.28', 'Upper Credit', '2022-06-16');

-- --------------------------------------------------------

--
-- Table structure for table `tbllevel`
--

CREATE TABLE `tbllevel` (
  `Id` int(20) NOT NULL,
  `levelName` varchar(255) NOT NULL
) ENGINE=InnoDB DEFAULT CHARSET=utf8mb4 COLLATE=utf8mb4_general_ci;

--
-- Dumping data for table `tbllevel`
--

INSERT INTO `tbllevel` (`Id`, `levelName`) VALUES
(1, 'Level One'),
(2, 'Level Two');

-- --------------------------------------------------------

--
-- Table structure for table `tblresult`
--

CREATE TABLE `tblresult` (
  `Id` int(10) NOT NULL,
  `matricNo` varchar(50) NOT NULL,
  `levelId` varchar(10) NOT NULL,
  `semesterId` varchar(10) NOT NULL,
  `sessionId` varchar(10) NOT NULL,
  `courseCode` varchar(50) NOT NULL,
  `courseUnit` varchar(50) NOT NULL,
  `score` varchar(50) NOT NULL,
  `scoreGradePoint` varchar(50) NOT NULL,
  `scoreLetterGrade` varchar(10) NOT NULL,
  `totalScoreGradePoint` varchar(50) NOT NULL,
  `dateAdded` varchar(50) NOT NULL
) ENGINE=InnoDB DEFAULT CHARSET=latin1 COLLATE=latin1_swedish_ci;

--
-- Dumping data for table `tblresult`
--

INSERT INTO `tblresult` (`Id`, `matricNo`, `levelId`, `semesterId`, `sessionId`, `courseCode`, `courseUnit`, `score`, `scoreGradePoint`, `scoreLetterGrade`, `totalScoreGradePoint`, `dateAdded`) VALUES
(1, 'SGS100', '1', '1', '1', 'PI01', '5', '30', '0', 'F', '0', '2022-06-13');

-- --------------------------------------------------------

--
-- Table structure for table `tblsemester`
--

CREATE TABLE `tblsemester` (
  `Id` int(20) NOT NULL,
  `semesterName` varchar(20) NOT NULL
) ENGINE=InnoDB DEFAULT CHARSET=latin1 COLLATE=latin1_swedish_ci;

--
-- Dumping data for table `tblsemester`
--

INSERT INTO `tblsemester` (`Id`, `semesterName`) VALUES
(1, 'First Sem'),
(2, 'Second Sem');

-- --------------------------------------------------------

--
-- Table structure for table `tblsession`
--

CREATE TABLE `tblsession` (
  `Id` int(20) NOT NULL,
  `sessionName` varchar(30) NOT NULL,
  `isActive` int(5) NOT NULL
) ENGINE=InnoDB DEFAULT CHARSET=latin1 COLLATE=latin1_swedish_ci;

--
-- Dumping data for table `tblsession`
--

INSERT INTO `tblsession` (`Id`, `sessionName`, `isActive`) VALUES
(1, '2022/2023', 0),
(2, '2024/2025', 1);

-- --------------------------------------------------------

--
-- Table structure for table `tblstaff`
--

CREATE TABLE `tblstaff` (
  `Id` int(20) NOT NULL,
  `firstName` varchar(255) NOT NULL,
  `lastName` varchar(255) NOT NULL,
  `otherName` varchar(255) NOT NULL,
  `emailAddress` varchar(255) NOT NULL,
  `phoneNo` varchar(20) NOT NULL,
  `password` varchar(255) NOT NULL,
  `staffId` varchar(255) NOT NULL,
  `isAssigned` int(10) NOT NULL,
  `isPasswordChanged` int(10) NOT NULL,
  `dateCreated` varchar(255) NOT NULL
) ENGINE=InnoDB DEFAULT CHARSET=utf8mb4 COLLATE=utf8mb4_general_ci;

--
-- Dumping data for table `tblstaff`
--

INSERT INTO `tblstaff` (`Id`, `firstName`, `lastName`, `otherName`, `emailAddress`, `phoneNo`, `password`, `staffId`, `isAssigned`, `isPasswordChanged`, `dateCreated`) VALUES
(15, 'asd', 'asd', 'asd', 'asd@asd.ccc', '5555666654', '12345', '444', 0, 0, '2022-06-15');

-- --------------------------------------------------------

--
-- Table structure for table `tblstudent`
--

CREATE TABLE `tblstudent` (
  `Id` int(20) NOT NULL,
  `firstName` varchar(255) NOT NULL,
  `lastName` varchar(255) NOT NULL,
  `otherName` varchar(255) NOT NULL,
  `matricNo` varchar(255) NOT NULL,
  `password` varchar(255) NOT NULL,
  `levelId` int(10) NOT NULL,
  `facultyId` int(10) NOT NULL,
  `departmentId` int(10) NOT NULL,
  `sessionId` int(10) NOT NULL,
  `dateCreated` varchar(255) NOT NULL
) ENGINE=InnoDB DEFAULT CHARSET=utf8mb4 COLLATE=utf8mb4_general_ci;

--
-- Dumping data for table `tblstudent`
--

INSERT INTO `tblstudent` (`Id`, `firstName`, `lastName`, `otherName`, `matricNo`, `password`, `levelId`, `facultyId`, `departmentId`, `sessionId`, `dateCreated`) VALUES
(31, 'Daryl', 'Salazar', 'dar', 'student03', '31926f882293943b62cff28e86dfd1fa', 2, 3, 3, 2, '2025-09-06'),
(32, 'arnold', 'tuzar', 'arn', 'student02', '31347615db2019f4dcb6fe857ff3a986', 1, 3, 3, 2, '2025-09-06'),
(36, 'Princess', 'Soto', 'prsc', 'student01', '09aba14b14c1ddb10346068577d21b6b', 1, 1, 1, 1, '2025-09-08 22:54:38');

-- --------------------------------------------------------

--
-- Table structure for table `tbltuition`
--

CREATE TABLE `tbltuition` (
  `tuitionId` int(11) NOT NULL,
  `studentId` int(11) NOT NULL,
  `courseId` int(11) NOT NULL,
  `semesterId` int(11) NOT NULL,
  `schoolYear` varchar(20) NOT NULL,
  `tuitionFee` decimal(10,2) NOT NULL,
  `amountPaid` decimal(10,2) DEFAULT 0.00,
  `balance` decimal(10,2) NOT NULL,
  `dateAdded` timestamp NOT NULL DEFAULT current_timestamp()
) ENGINE=InnoDB DEFAULT CHARSET=utf8mb4 COLLATE=utf8mb4_general_ci;

--
-- Indexes for dumped tables
--

--
-- Indexes for table `tbladmin`
--
ALTER TABLE `tbladmin`
  ADD PRIMARY KEY (`Id`),
  ADD KEY `fk_admin_type` (`adminTypeId`);

--
-- Indexes for table `tbladmintype`
--
ALTER TABLE `tbladmintype`
  ADD PRIMARY KEY (`Id`);

--
-- Indexes for table `tblassignedadmin`
--
ALTER TABLE `tblassignedadmin`
  ADD PRIMARY KEY (`id`);

--
-- Indexes for table `tblassignedstaff`
--
ALTER TABLE `tblassignedstaff`
  ADD PRIMARY KEY (`id`);

--
-- Indexes for table `tblattendance`
--
ALTER TABLE `tblattendance`
  ADD PRIMARY KEY (`id`);

--
-- Indexes for table `tblcgparesult`
--
ALTER TABLE `tblcgparesult`
  ADD PRIMARY KEY (`Id`);

--
-- Indexes for table `tblcourse`
--
ALTER TABLE `tblcourse`
  ADD PRIMARY KEY (`Id`);

--
-- Indexes for table `tbldepartment`
--
ALTER TABLE `tbldepartment`
  ADD PRIMARY KEY (`Id`),
  ADD KEY `fk_department_faculty` (`facultyId`);

--
-- Indexes for table `tblfaculty`
--
ALTER TABLE `tblfaculty`
  ADD PRIMARY KEY (`Id`);

--
-- Indexes for table `tblfinalresult`
--
ALTER TABLE `tblfinalresult`
  ADD PRIMARY KEY (`Id`);

--
-- Indexes for table `tbllevel`
--
ALTER TABLE `tbllevel`
  ADD PRIMARY KEY (`Id`);

--
-- Indexes for table `tblresult`
--
ALTER TABLE `tblresult`
  ADD PRIMARY KEY (`Id`);

--
-- Indexes for table `tblsemester`
--
ALTER TABLE `tblsemester`
  ADD PRIMARY KEY (`Id`);

--
-- Indexes for table `tblsession`
--
ALTER TABLE `tblsession`
  ADD PRIMARY KEY (`Id`);

--
-- Indexes for table `tblstaff`
--
ALTER TABLE `tblstaff`
  ADD PRIMARY KEY (`Id`);

--
-- Indexes for table `tblstudent`
--
ALTER TABLE `tblstudent`
  ADD PRIMARY KEY (`Id`),
  ADD KEY `fk_student_faculty` (`facultyId`),
  ADD KEY `fk_student_department` (`departmentId`),
  ADD KEY `fk_student_level` (`levelId`);

--
-- Indexes for table `tbltuition`
--
ALTER TABLE `tbltuition`
  ADD PRIMARY KEY (`tuitionId`);

--
-- AUTO_INCREMENT for dumped tables
--

--
-- AUTO_INCREMENT for table `tbladmin`
--
ALTER TABLE `tbladmin`
  MODIFY `Id` int(20) NOT NULL AUTO_INCREMENT, AUTO_INCREMENT=5;

--
-- AUTO_INCREMENT for table `tblassignedadmin`
--
ALTER TABLE `tblassignedadmin`
  MODIFY `id` int(11) NOT NULL AUTO_INCREMENT, AUTO_INCREMENT=2;

--
-- AUTO_INCREMENT for table `tblassignedstaff`
--
ALTER TABLE `tblassignedstaff`
  MODIFY `id` int(11) NOT NULL AUTO_INCREMENT;

--
-- AUTO_INCREMENT for table `tblattendance`
--
ALTER TABLE `tblattendance`
  MODIFY `id` int(11) NOT NULL AUTO_INCREMENT;

--
-- AUTO_INCREMENT for table `tblcgparesult`
--
ALTER TABLE `tblcgparesult`
  MODIFY `Id` int(11) NOT NULL AUTO_INCREMENT, AUTO_INCREMENT=5;

--
-- AUTO_INCREMENT for table `tblcourse`
--
ALTER TABLE `tblcourse`
  MODIFY `Id` int(11) NOT NULL AUTO_INCREMENT, AUTO_INCREMENT=18;

--
-- AUTO_INCREMENT for table `tbldepartment`
--
ALTER TABLE `tbldepartment`
  MODIFY `Id` int(20) NOT NULL AUTO_INCREMENT, AUTO_INCREMENT=6;

--
-- AUTO_INCREMENT for table `tblfaculty`
--
ALTER TABLE `tblfaculty`
  MODIFY `Id` int(20) NOT NULL AUTO_INCREMENT, AUTO_INCREMENT=5;

--
-- AUTO_INCREMENT for table `tblfinalresult`
--
ALTER TABLE `tblfinalresult`
  MODIFY `Id` int(10) NOT NULL AUTO_INCREMENT, AUTO_INCREMENT=9;

--
-- AUTO_INCREMENT for table `tbllevel`
--
ALTER TABLE `tbllevel`
  MODIFY `Id` int(20) NOT NULL AUTO_INCREMENT, AUTO_INCREMENT=3;

--
-- AUTO_INCREMENT for table `tblresult`
--
ALTER TABLE `tblresult`
  MODIFY `Id` int(10) NOT NULL AUTO_INCREMENT, AUTO_INCREMENT=20;

--
-- AUTO_INCREMENT for table `tblsemester`
--
ALTER TABLE `tblsemester`
  MODIFY `Id` int(20) NOT NULL AUTO_INCREMENT, AUTO_INCREMENT=3;

--
-- AUTO_INCREMENT for table `tblsession`
--
ALTER TABLE `tblsession`
  MODIFY `Id` int(20) NOT NULL AUTO_INCREMENT, AUTO_INCREMENT=3;

--
-- AUTO_INCREMENT for table `tblstaff`
--
ALTER TABLE `tblstaff`
  MODIFY `Id` int(20) NOT NULL AUTO_INCREMENT, AUTO_INCREMENT=16;

--
-- AUTO_INCREMENT for table `tblstudent`
--
ALTER TABLE `tblstudent`
  MODIFY `Id` int(20) NOT NULL AUTO_INCREMENT, AUTO_INCREMENT=37;

--
-- AUTO_INCREMENT for table `tbltuition`
--
ALTER TABLE `tbltuition`
  MODIFY `tuitionId` int(11) NOT NULL AUTO_INCREMENT;

--
-- Constraints for dumped tables
--

--
-- Constraints for table `tbladmin`
--
ALTER TABLE `tbladmin`
  ADD CONSTRAINT `fk_admin_type` FOREIGN KEY (`adminTypeId`) REFERENCES `tbladmintype` (`Id`);

--
-- Constraints for table `tbldepartment`
--
ALTER TABLE `tbldepartment`
  ADD CONSTRAINT `fk_department_faculty` FOREIGN KEY (`facultyId`) REFERENCES `tblfaculty` (`Id`);

--
-- Constraints for table `tblstudent`
--
ALTER TABLE `tblstudent`
  ADD CONSTRAINT `fk_student_department` FOREIGN KEY (`departmentId`) REFERENCES `tbldepartment` (`Id`),
  ADD CONSTRAINT `fk_student_faculty` FOREIGN KEY (`facultyId`) REFERENCES `tblfaculty` (`Id`),
  ADD CONSTRAINT `fk_student_level` FOREIGN KEY (`levelId`) REFERENCES `tbllevel` (`Id`);
COMMIT;

/*!40101 SET CHARACTER_SET_CLIENT=@OLD_CHARACTER_SET_CLIENT */;
/*!40101 SET CHARACTER_SET_RESULTS=@OLD_CHARACTER_SET_RESULTS */;
/*!40101 SET COLLATION_CONNECTION=@OLD_COLLATION_CONNECTION */;
